reason,category
Supplier invoice #2094 settlement,BusinessToBusiness
Hosting service fee August 2025,BusinessToBusiness
Marketing services – November 2025 campaign,BusinessToBusiness
Hosting service fee May 2025,BusinessToBusiness
Commission payout – Sales Team West,BusinessToBusiness
Supplier invoice #3383 settlement,BusinessToBusiness
Hosting service fee January 2025,BusinessToBusiness
Marketing services – December 2024 campaign,BusinessToBusiness
Enterprise software subscription renewal November 2025,BusinessToBusiness
Franchise fee Q1 2025,BusinessToBusiness
Supplier invoice #5172 settlement,BusinessToBusiness
Invoice #3333 payment,BusinessToBusiness
Office lease payment for November 2025,BusinessToBusiness
Commission payout – Sales Team West,BusinessToBusiness
Professional fees invoice #4523,BusinessToBusiness
Travel reimbursement – Phoenix,BusinessToBusiness
Invoice #5800 payment,BusinessToBusiness
Corporate insurance premium Q4 2025,BusinessToBusiness
Enterprise software subscription renewal June 2024,BusinessToBusiness
Distribution fee – SKU 5727,BusinessToBusiness
Office lease payment for April 2024,BusinessToBusiness
Travel reimbursement – Apollo,BusinessToBusiness
Franchise fee Q3 2024,BusinessToBusiness
Commission payout – Sales Team North,BusinessToBusiness
Professional fees invoice #3928,BusinessToBusiness
Marketing services – July 2024 campaign,BusinessToBusiness
Hosting service fee December 2024,BusinessToBusiness
Office lease payment for July 2024,BusinessToBusiness
Travel reimbursement – Atlas,BusinessToBusiness
Office lease payment for November 2024,BusinessToBusiness
Commission payout – Sales Team West,BusinessToBusiness
Consulting services invoice #1551,BusinessToBusiness
Equipment rental – May 2025,BusinessToBusiness
Commission payout – Sales Team East,BusinessToBusiness
Enterprise software subscription renewal May 2025,BusinessToBusiness
Office lease payment for January 2024,BusinessToBusiness
Distribution fee – SKU 9884,BusinessToBusiness
Corporate insurance premium Q1 2024,BusinessToBusiness
Franchise fee Q1 2024,BusinessToBusiness
Office lease payment for September 2024,BusinessToBusiness
Corporate insurance premium Q2 2024,BusinessToBusiness
Corporate insurance premium Q1 2024,BusinessToBusiness
Logistics charge – shipment 2887,BusinessToBusiness
Consulting services invoice #7710,BusinessToBusiness
Hosting service fee September 2024,BusinessToBusiness
Marketing services – July 2024 campaign,BusinessToBusiness
Invoice #8847 payment,BusinessToBusiness
Consulting services invoice #8427,BusinessToBusiness
Corporate insurance premium Q4 2025,BusinessToBusiness
Equipment rental – June 2025,BusinessToBusiness
Travel reimbursement – Apollo,BusinessToBusiness
Enterprise software subscription renewal February 2024,BusinessToBusiness
Office lease payment for September 2024,BusinessToBusiness
Professional fees invoice #2009,BusinessToBusiness
Office lease payment for January 2024,BusinessToBusiness
Marketing services – July 2024 campaign,BusinessToBusiness
Corporate insurance premium Q1 2025,BusinessToBusiness
Invoice #7481 payment,BusinessToBusiness
Hosting service fee May 2025,BusinessToBusiness
Logistics charge – shipment 4604,BusinessToBusiness
Travel reimbursement – Atlas,BusinessToBusiness
Distribution fee – SKU 6030,BusinessToBusiness
Invoice #7500 payment,BusinessToBusiness
Commission payout – Sales Team West,BusinessToBusiness
Logistics charge – shipment 6382,BusinessToBusiness
Corporate insurance premium Q2 2024,BusinessToBusiness
Office lease payment for October 2025,BusinessToBusiness
Travel reimbursement – Atlas,BusinessToBusiness
Distribution fee – SKU 1504,BusinessToBusiness
Invoice #1268 payment,BusinessToBusiness
Commission payout – Sales Team South,BusinessToBusiness
Distribution fee – SKU 6094,BusinessToBusiness
Consulting services invoice #6336,BusinessToBusiness
Corporate insurance premium Q3 2025,BusinessToBusiness
Office lease payment for December 2024,BusinessToBusiness
Marketing services – September 2024 campaign,BusinessToBusiness
Office lease payment for October 2024,BusinessToBusiness
Supplier invoice #3387 settlement,BusinessToBusiness
Consulting services invoice #7288,BusinessToBusiness
Professional fees invoice #2214,BusinessToBusiness
Marketing services – April 2025 campaign,BusinessToBusiness
Corporate insurance premium Q2 2025,BusinessToBusiness
Consulting services invoice #6040,BusinessToBusiness
Office lease payment for March 2025,BusinessToBusiness
Franchise fee Q1 2024,BusinessToBusiness
Marketing services – September 2025 campaign,BusinessToBusiness
Supplier invoice #3371 settlement,BusinessToBusiness
Enterprise software subscription renewal February 2025,BusinessToBusiness
Franchise fee Q3 2025,BusinessToBusiness
Commission payout – Sales Team North,BusinessToBusiness
Invoice #4778 payment,BusinessToBusiness
Corporate insurance premium Q3 2024,BusinessToBusiness
Commission payout – Sales Team East,BusinessToBusiness
Travel reimbursement – Zephyr,BusinessToBusiness
Marketing services – May 2025 campaign,BusinessToBusiness
Marketing services – June 2024 campaign,BusinessToBusiness
Hosting service fee August 2025,BusinessToBusiness
Commission payout – Sales Team South,BusinessToBusiness
Supplier invoice #2803 settlement,BusinessToBusiness
Marketing services – October 2024 campaign,BusinessToBusiness
Distribution fee – SKU 1023,BusinessToBusiness
Supplier invoice #9142 settlement,BusinessToBusiness
Enterprise software subscription renewal August 2025,BusinessToBusiness
Commission payout – Sales Team East,BusinessToBusiness
Professional fees invoice #9816,BusinessToBusiness
Franchise fee Q3 2024,BusinessToBusiness
Professional fees invoice #1645,BusinessToBusiness
Invoice #9605 payment,BusinessToBusiness
Equipment rental – October 2024,BusinessToBusiness
Logistics charge – shipment 1542,BusinessToBusiness
Marketing services – May 2024 campaign,BusinessToBusiness
Corporate insurance premium Q2 2025,BusinessToBusiness
Consulting services invoice #5959,BusinessToBusiness
Travel reimbursement – Phoenix,BusinessToBusiness
Equipment rental – March 2025,BusinessToBusiness
Hosting service fee November 2024,BusinessToBusiness
Supplier invoice #4566 settlement,BusinessToBusiness
Supplier invoice #2084 settlement,BusinessToBusiness
Commission payout – Sales Team East,BusinessToBusiness
Distribution fee – SKU 2164,BusinessToBusiness
Distribution fee – SKU 5270,BusinessToBusiness
Corporate insurance premium Q1 2024,BusinessToBusiness
Corporate insurance premium Q2 2024,BusinessToBusiness
Office lease payment for December 2024,BusinessToBusiness
Travel reimbursement – Atlas,BusinessToBusiness
Logistics charge – shipment 4355,BusinessToBusiness
Invoice #6664 payment,BusinessToBusiness
Corporate insurance premium Q3 2024,BusinessToBusiness
Hosting service fee May 2025,BusinessToBusiness
Hosting service fee July 2025,BusinessToBusiness
Travel reimbursement – Atlas,BusinessToBusiness
Consulting services invoice #7278,BusinessToBusiness
Invoice #1430 payment,BusinessToBusiness
Travel reimbursement – Apollo,BusinessToBusiness
Distribution fee – SKU 1382,BusinessToBusiness
Professional fees invoice #4665,BusinessToBusiness
Office lease payment for March 2025,BusinessToBusiness
Consulting services invoice #8660,BusinessToBusiness
Corporate insurance premium Q3 2025,BusinessToBusiness
Logistics charge – shipment 1139,BusinessToBusiness
Logistics charge – shipment 4220,BusinessToBusiness
Supplier invoice #9642 settlement,BusinessToBusiness
Supplier invoice #8632 settlement,BusinessToBusiness
Invoice #5661 payment,BusinessToBusiness
Travel reimbursement – Phoenix,BusinessToBusiness
Commission payout – Sales Team North,BusinessToBusiness
Consulting services invoice #6479,BusinessToBusiness
Travel reimbursement – Atlas,BusinessToBusiness
Logistics charge – shipment 5504,BusinessToBusiness
Travel reimbursement – Zephyr,BusinessToBusiness
Subscription fee for Adobe CC February 2024,CustomerToBusiness
Subscription fee for Office 365 March 2024,CustomerToBusiness
Rent payment – Apt 15,CustomerToBusiness
Tuition fee – Semester 1 2024,CustomerToBusiness
Insurance premium July 2025,CustomerToBusiness
Mobile data plan fee August 2024,CustomerToBusiness
Donation to Charity WWF April 2024,CustomerToBusiness
Electricity bill November 2024,CustomerToBusiness
Medical bill – Visit 53219,CustomerToBusiness
Insurance premium September 2024,CustomerToBusiness
Tuition fee – Semester 1 2024,CustomerToBusiness
Monthly salary June 2024,CustomerToBusiness
Donation to Charity Doctors Without Borders February 2025,CustomerToBusiness
VAT payment June 2024,CustomerToBusiness
Medical bill – Visit 35331,CustomerToBusiness
Subscription fee for Adobe CC June 2025,CustomerToBusiness
Electricity bill March 2025,CustomerToBusiness
Medical bill – Visit 27069,CustomerToBusiness
Electricity bill February 2025,CustomerToBusiness
Loan installment – August 2024,CustomerToBusiness
Loan installment – January 2024,CustomerToBusiness
Medical bill – Visit 62090,CustomerToBusiness
Refund for Order #93188,CustomerToBusiness
Electricity bill July 2025,CustomerToBusiness
Electricity bill April 2025,CustomerToBusiness
Donation to Charity UNICEF July 2025,CustomerToBusiness
Subscription fee for Adobe CC January 2025,CustomerToBusiness
Monthly salary March 2024,CustomerToBusiness
Subscription fee for Amazon Prime June 2024,CustomerToBusiness
Electricity bill August 2025,CustomerToBusiness
Loan installment – May 2024,CustomerToBusiness
Rent payment – Apt 45,CustomerToBusiness
Tuition fee – Semester 1 2025,CustomerToBusiness
Domain renewal – shop.org 2025,CustomerToBusiness
Subscription fee for Adobe CC May 2024,CustomerToBusiness
Domain renewal – example.com 2024,CustomerToBusiness
Loan installment – February 2025,CustomerToBusiness
Electricity bill February 2025,CustomerToBusiness
Loan installment – June 2024,CustomerToBusiness
Refund for Order #38790,CustomerToBusiness
Donation to Charity Red Cross November 2024,CustomerToBusiness
Medical bill – Visit 17914,CustomerToBusiness
Gym membership renewal January 2025,CustomerToBusiness
Electricity bill February 2024,CustomerToBusiness
VAT payment January 2025,CustomerToBusiness
VAT payment February 2024,CustomerToBusiness
Medical bill – Visit 13342,CustomerToBusiness
Medical bill – Visit 10092,CustomerToBusiness
Insurance premium December 2024,CustomerToBusiness
Medical bill – Visit 93099,CustomerToBusiness
Gym membership renewal April 2025,CustomerToBusiness
Medical bill – Visit 88597,CustomerToBusiness
Electricity bill July 2024,CustomerToBusiness
Insurance premium October 2024,CustomerToBusiness
VAT payment September 2024,CustomerToBusiness
Tuition fee – Semester 2 2024,CustomerToBusiness
Domain renewal – example.com 2025,CustomerToBusiness
Subscription fee for Dropbox September 2025,CustomerToBusiness
Refund for Order #14260,CustomerToBusiness
Insurance premium August 2024,CustomerToBusiness
Tuition fee – Semester 1 2025,CustomerToBusiness
Medical bill – Visit 58983,CustomerToBusiness
Rent payment – Apt 42,CustomerToBusiness
Loan installment – March 2024,CustomerToBusiness
Rent payment – Apt 24,CustomerToBusiness
Rent payment – Apt 4,CustomerToBusiness
VAT payment June 2024,CustomerToBusiness
Insurance premium December 2024,CustomerToBusiness
Gym membership renewal December 2024,CustomerToBusiness
Medical bill – Visit 84530,CustomerToBusiness
Monthly salary March 2025,CustomerToBusiness
Rent payment – Apt 6,CustomerToBusiness
Mobile data plan fee October 2025,CustomerToBusiness
Refund for Order #58193,CustomerToBusiness
Electricity bill February 2024,CustomerToBusiness
Mobile data plan fee November 2025,CustomerToBusiness
VAT payment February 2025,CustomerToBusiness
Monthly salary August 2024,CustomerToBusiness
Subscription fee for Dropbox November 2024,CustomerToBusiness
VAT payment January 2025,CustomerToBusiness
Donation to Charity Red Cross December 2024,CustomerToBusiness
Electricity bill December 2025,CustomerToBusiness
Domain renewal – example.com 2025,CustomerToBusiness
Insurance premium August 2025,CustomerToBusiness
Monthly salary March 2024,CustomerToBusiness
Tuition fee – Semester 2 2024,CustomerToBusiness
Streaming subscription fee December 2025,CustomerToBusiness
VAT payment February 2024,CustomerToBusiness
Medical bill – Visit 72987,CustomerToBusiness
Refund for Order #75463,CustomerToBusiness
Donation to Charity Red Cross June 2024,CustomerToBusiness
Donation to Charity Red Cross August 2025,CustomerToBusiness
Mobile data plan fee November 2024,CustomerToBusiness
Insurance premium January 2025,CustomerToBusiness
Electricity bill June 2024,CustomerToBusiness
Subscription fee for Spotify August 2024,CustomerToBusiness
Electricity bill November 2025,CustomerToBusiness
Electricity bill February 2024,CustomerToBusiness
Electricity bill June 2024,CustomerToBusiness
Donation to Charity Doctors Without Borders March 2024,CustomerToBusiness
Bob → Alice: rent share Apt 19,CustomerToCustomer
Peer-to-peer loan repayment – Alice to Bob,CustomerToCustomer
Gift voucher transfer to Diana,CustomerToCustomer
Charlie → Bob: cinema tickets reimbursement,CustomerToCustomer
Alice → Charlie: dinner split reimbursement,CustomerToCustomer
Alice reimburses Charlie for groceries,CustomerToCustomer
Charlie → Alice: trip expenses share,CustomerToCustomer
Shared subscription payment – Netflix,CustomerToCustomer
Crowdfunding payout – Project Phoenix,CustomerToCustomer
Bob → Charlie: cinema tickets reimbursement,CustomerToCustomer
Shared subscription payment – Netflix,CustomerToCustomer
Charlie reimburses Bob for coffee,CustomerToCustomer
Charlie reimburses Alice for coffee,CustomerToCustomer
Bob → Charlie: rent share Apt 20,CustomerToCustomer
Diana → Charlie: dinner split reimbursement,CustomerToCustomer
Bob → Alice: cinema tickets reimbursement,CustomerToCustomer
Charlie sends cashback reward to Alice,CustomerToCustomer
Crowdfunding payout – Project Phoenix,CustomerToCustomer
Bob reimburses Charlie for coffee,CustomerToCustomer
Alice → Diana: trip expenses share,CustomerToCustomer
Diana → Alice: dinner split reimbursement,CustomerToCustomer
Charlie repays Diana for gas,CustomerToCustomer
Alice reimburses Charlie for groceries,CustomerToCustomer
Alice → Diana: cinema tickets reimbursement,CustomerToCustomer
Charlie → Alice: utility split May 2025,CustomerToCustomer
Charlie → Alice: utility split January 2025,CustomerToCustomer
Shared subscription payment – Dropbox,CustomerToCustomer
Charlie reimburses Bob for groceries,CustomerToCustomer
Alice → Diana: parking fee split,CustomerToCustomer
Bob reimburses Alice for groceries,CustomerToCustomer
Bob repays Charlie for gas,CustomerToCustomer
Gift voucher transfer to Diana,CustomerToCustomer
Personal gift to Alice,CustomerToCustomer
Charlie → Diana: cinema tickets reimbursement,CustomerToCustomer
Shared subscription payment – Spotify,CustomerToCustomer
Diana → Alice: trip expenses share,CustomerToCustomer
Shared subscription payment – Amazon Prime,CustomerToCustomer
Diana → Bob: utility split December 2025,CustomerToCustomer
Diana sends cashback reward to Bob,CustomerToCustomer
Peer-to-peer loan repayment – Charlie to Alice,CustomerToCustomer
Charlie repays Alice for gas,CustomerToCustomer
Personal gift to Bob,CustomerToCustomer
Personal gift to Charlie,CustomerToCustomer
Alice reimburses Charlie for groceries,CustomerToCustomer
Shared subscription payment – Office 365,CustomerToCustomer
Gift voucher transfer to Diana,CustomerToCustomer
Crowdfunding payout – Project Atlas,CustomerToCustomer
Diana repays Charlie for gas,CustomerToCustomer
Crowdfunding payout – Project Apollo,CustomerToCustomer
Alice reimburses Diana for groceries,CustomerToCustomer
Cloud services fee April 2025,BusinessToBusiness
Data storage fee March 2025,BusinessToBusiness
API usage fee June 2025,BusinessToBusiness
Network maintenance – May 2025,BusinessToBusiness
Hardware maintenance contract Q2 2025,BusinessToBusiness
Cybersecurity services invoice #3291,BusinessToBusiness
Penetration testing invoice #4477,BusinessToBusiness
Software license renewal – CRM Suite July 2025,BusinessToBusiness
Disaster recovery services – Project Zephyr,BusinessToBusiness
Colocation fee May 2025,BusinessToBusiness
Backup services June 2025,BusinessToBusiness
Vulnerability assessment report #5582,BusinessToBusiness
Notary fee – Document #NL-2025-09,BusinessToBusiness
Audit services invoice #7743,BusinessToBusiness
Tax advisory fee – Q1 2025,BusinessToBusiness
Legal services – Contract review May 2025,BusinessToBusiness
Accounting services – April 2025,BusinessToBusiness
Bookkeeping fee May 2025,BusinessToBusiness
Media buying – May 2025 campaign,BusinessToBusiness
Social media marketing – June 2025,BusinessToBusiness
Subscription fee for Disney+ July 2025,CustomerToBusiness
Rent payment – Apt 12 July 2025,CustomerToBusiness
Loan installment – October 2025,CustomerToBusiness
Insurance premium November 2025,CustomerToBusiness
VAT payment July 2025,CustomerToBusiness
Electricity bill June 2025,CustomerToBusiness
Gym membership renewal August 2025,CustomerToBusiness
Tuition fee – Semester 2 2025,CustomerToBusiness
Mobile data plan fee December 2025,CustomerToBusiness
Domain renewal – myblog.net 2025,CustomerToBusiness
Refund for Order #84321,CustomerToBusiness
Donation to Charity WWF May 2025,CustomerToBusiness
Medical bill – Visit 76234,CustomerToBusiness
Subscription fee for Dropbox April 2025,CustomerToBusiness
Gas bill – April 2025,CustomerToBusiness
Water usage fee March 2025,CustomerToBusiness
Parking permit renewal 2025,CustomerToBusiness
Meal allowance reimbursement – Business trip,CustomerToBusiness
Salary advance repayment – June 2025,CustomerToBusiness
Refund for Order #90215,CustomerToBusiness
Alice → Bob: shared taxi fare,BusinessToBusiness
Charlie → Diana: office supplies reimbursement,CustomerToCustomer
Bob → Alice: concert ticket share,CustomerToCustomer
Diana → Charlie: coffee reimbursement,CustomerToCustomer
Charlie → Bob: shared parking fee,CustomerToCustomer
Alice → Diana: ride-share reimbursement,CustomerToCustomer
Bob → Charlie: book purchase split,CustomerToCustomer
Diana → Alice: groceries reimbursement,CustomerToCustomer
Alice → Bob: utilities split March 2025,CustomerToCustomer
Charlie → Diana: weekend trip expenses,CustomerToCustomer
VPN service fee April 2025,BusinessToBusiness
Database services invoice #2410,BusinessToBusiness
Cloud migration services – Project Atlas,BusinessToBusiness
Software maintenance agreement Q2 2025,BusinessToBusiness
API integration services – Invoice #3322,BusinessToBusiness
Managed IT support fee May 2025,BusinessToBusiness
Domain hosting renewal – shop.org 2025,BusinessToBusiness
SSL certificate renewal – example.com 2025,BusinessToBusiness
UX/UI design services – Invoice #5580,BusinessToBusiness
Graphic design fee – Spring 2025 campaign,BusinessToBusiness
Video production services – Invoice #7749,BusinessToBusiness
Photography services – Q1 2025,BusinessToBusiness
Translation services – French site update,BusinessToBusiness
Interpretation services – Board meeting Apr 2025,BusinessToBusiness
Localization services – App v2.1 release,BusinessToBusiness
PR services – Product launch May 2025,BusinessToBusiness
SEO services – Invoice #6651,BusinessToBusiness
Content creation – Blog posts June 2025,BusinessToBusiness
Ad-hoc consulting fee – Strategy session,BusinessToBusiness
Facility rentals – Conference room May 2025,BusinessToBusiness
Parking fee – Office garage June 2025,CustomerToBusiness
Water bill – June 2025,CustomerToBusiness
Sewerage fee – Q2 2025,CustomerToBusiness
Waste management fee May 2025,CustomerToBusiness
Streaming subscription fee April 2025,CustomerToBusiness
Electricity bill January 2025,CustomerToBusiness
Home internet service fee May 2025,CustomerToBusiness
Mobile phone subscription June 2025,CustomerToBusiness
Security deposit refund – Apt 8B,CustomerToBusiness
Booking fee – Yoga class July 2025,CustomerToBusiness
Reservation charge – Restaurant booking,CustomerToBusiness
Processing fee – Ticket purchase #5555,CustomerToBusiness
Late payment penalty – Rent Apr 2025,CustomerToBusiness
Restocking fee – Return #8877,CustomerToBusiness
Cashback reward transfer – Visa cashback,CustomerToBusiness
Dividend distribution – Stock XYZ,CustomerToBusiness
Grant disbursement – Research fund,CustomerToBusiness
Benefit disbursement – Employee wellness,CustomerToBusiness
Alms contribution – Local charity,CustomerToBusiness
Scholarship disbursement – Student aid,CustomerToBusiness
Alice → Bob: apartment utilities split,CustomerToCustomer
Bob → Charlie: concert merch reimbursement,CustomerToCustomer
Charlie → Diana: taxi fare share,CustomerToCustomer
Diana → Alice: coffee shop split,CustomerToCustomer
Alice → Charlie: karaoke night expenses,CustomerToCustomer
Bob → Diana: houseplant purchase split,CustomerToCustomer
Charlie → Alice: art class reimbursement,CustomerToCustomer
Diana → Bob: shared Uber ride,CustomerToCustomer
Alice → Bob: birthday gift reimbursement,CustomerToCustomer
Charlie → Diana: museum tickets split,CustomerToCustomer
