"iban","account_holder_name","bic_code"
"GR59146517304850937430","Alice Johnson","ZP6VIARPH"
"LU47951748452005553535","Bob Smith","3N1UHYGSW"
"PT79087688651142847086","Carol Lee","POH41OF7Y"
"DE49518809894543828449","David Brown","AP3VGVFHZ"
"PT66907939602764031684","Eve Davis","AJVF9I60K"
"IT86768071480692218587","Frank Garcia","7DXJ17X6X"
"FR31404994240060688445","Grace Martinez","VOG5KKS1B"
"DE45699166040967831741","Hank Wilson","UT4IEC1G7"
"IT68228366358401726626","Ivy Thompson","NOAD78QIG"
"NL54872370923176036450","Jack Taylor","TPN7Y853J"
"PT51859239411143866520","Karen Anderson","NL384XG08"
"ES63146040495183999619","Leo Harris","V8TH105OS"
"AT41943250988802517094","Mia Clark","B6KB9Z7FW"
"FR93620290305539840643","Noah Lewis","YK0YZKAWZ"
"ES01325446862949597990","Olivia Walker","9NT5DXI7Q"
"LU49434767928373273964","Paul Young","W4DBRHGR8"
"DE20569136850142021292","Quinn Hall","QTAJPP8OE"
"IT30908407040957342685","Ryan King","CMGJVC2SM"
"PT77838276626904400280","Sophia Wright","L6EJA1V2T"
"ES05653197238562976503","Tyler Scott","FZD6KPV50"
"BE71019285507407649506","Aisha Khan","EZD43W95C"
"IT69830555382616097610","Benito Rossi","I6YR8NKRZ"
"DE86616140306322843481","Chloe Nguyen","L1NAIA0CT"
"DE14542343830340078062","Diego Fernández","ATE4VV9C0"
"DE11636743452161307419","Elena Petrova","M3RKL39VE"
"BE25669205615365282391","Fiona O’Connor","G2NEWBZNI"
"LU14150046794139330960","George Okafor","I08P3LBSU"
"BE12023427973086940719","Hiroshi Yamamoto","CXSUO874O"
"IT43128746539347996880","Isabella Silva","J43DGAMRH"
"ES66471582089378984651","Jamal Hassan","FRI7FZ5XB"
"IT60060417121940516748","Katarina Novak","5LJM6C7LU"
"GR62910879217467944294","Liam O’Brien","0ZBO70B2A"
"PT32733671270477140647","Mei Lin","NGQEUA73A"
"DE24863884924052562525","Nikita Sokolov","1Y04Z4VCV"
"PT45633858287421258117","Óscar Méndez","V7TXX6LK7"
"IT20064691989734186377","Priya Sharma","ZCSSF8HST"
"AT06923069175337558206","Ravi Patel","SYWU2GYIA"
"GR84280551040433459365","Sara Johansson","OL15M9GQJ"
"DE05374516343318827542","Tariq Al-Farsi","F4HT69A14"
"AT87494068295417306506","Ulrich Müller","50HYA1W3R"
"AT89881295136529437749","Valentina Rossi","9ALX8UY5V"
"PT06416268020967328013","Wei Zhang","BD0XQTQV8"
"FR60879672571675359142","Ximena López","1G6BX0NWK"
"AT44928463156663958745","Yara Haddad","KFNNMLWVA"
"LU92416169011480779327","Zachary Cooper","TWC5KQQLJ"
"AT43259856042530405397","Adriana Costa","WG3HJSOS5"
"DE63156197663085157536","Bassam Al-Majid","1SE3XR6N1"
"GR01414153622768664070","Camila Ribeiro","RQW5259GM"
"AT04211882330836010468","Dmitri Ivanov","IJ3JL9TDC"
"FR34091126304916395006","Emilia Kaur","5QQB5I92W"
"BE42448072774204964752","Frederik Nielsen","EURQ7VZFP"
"FR59720505966921087037","Gabriela Morales","TU2AQHKNQ"
"NL37363206299100011505","Hakim Diop","C4K9I14YN"
"DE72568271885262298483","Ingrid Svensson","7B0VZGUGN"
"AT17949097928918169250","Julien Dubois","6HPPHPM0D"
"AT63624201280333818813","Kiara Thomas","REHU2M6NW"
"BE37644820609995018379","Luis Herrera","32JKY5OFT"
"PT20422233706281027455","Marina Kuznetsova","LC5AALIRP"
"FR50530064235392451184","Nora El-Sayed","TTDWOSPE1"
"DE45814519732714011589","Omar Khalid","YMZY6EKDK"
"ES04032750948271110929","Petra Novakova","EXBNXDXWB"
"FR12525163591225386321","Rafael Guzman","O1KP2GVPG"
"ES77534466826561424731","Selena Park","N8NL4J1OF"
"IT85643273286187993763","Tomáš Svoboda","UZZO15U50"
"ES28794523068641693264","Ursula Becker","L0IUOD0FU"
"GR66777008651851400843","Viktor Petrov","QF3ADTPRT"
"DE51751993177416879637","Wang Hui","MO7GDE74V"
"NL03556916732464648236","Xavier Dupont","B8DM1AOZU"
"NL70712929448927285600","Youssef Ben Ali","CPVB96DO9"
"GR65670381915889450986","Zoë Fischer","IF81J67KJ"
"ES92146564952503488718","Amir Mahmoud","2DY739KQ5"
"ES95800158214676945424","Bianca Popescu","VI2C7RWE9"
"FR79161207033469105839","Carlos da Silva","GX06AWKZC"
"AT55659332592035674364","Dara Nguyen","N2KF9Q0QO"
"ES73328460862808594107","Elias Haddock","Q35AW3OVY"
"FR45041718611111023119","Farah Aziz","VKAD0TQ2I"
"FR79308719991659092693","Graham O’Neill","R9VQIET4A"
"NL12892037759924447651","Hana Kawaguchi","XY7IN1R6X"
"DE62576086949984533334","Ismail Abadi","NUZA1G6AP"
"LU50285843734242403149","Jin Park","PUK6CMWSH"
"LU61632488188562122572","Khaled Mansour","QEDLI5VLM"
"AT29938531142721762120","Leila Al-Tamimi","X7FNBA3VO"
"GR64021113457932146490","Mateo Vargas","HEMBH4VSK"
"BE01460562644606153018","Nadine Choudhury","NZKRSN8L0"
"GR98107382703647723422","Ori Cohen","A0W8MYZDC"
"AT94440148417107354070","Parvati Desai","ECERT7AWR"
"LU22161318367632408610","Qasim Iqbal","7I31I1UZ5"
"FR22365361497162645832","Rina Yamazaki","SBDJ532FP"
"NL14728011292829339344","Stefan Georgiev","TSVFK2KNE"
"NL41041535318041444523","Thabo Mokoena","AP1J55CUK"
"BE91724589670997483826","Uma Reddy","QHXTDQY89"
"ES71686962094743421895","Victor Emmanuel","HE953A8B5"
"PT29187829286395966470","Wendy Castillo","HAMYVKP6E"
"PT99270816705206801334","Xiao Lin","2TYZC5HSS"
"DE26002335023562644300","Yara Mendes","XDO7NQR3T"
"DE09087646662741539540","Zubin Mehta","U3NM0SXFC"
"DE78392135544133226752","Adaeze Okonkwo","NXD6ZMBYT"
"NL94480821529443582368","Björn Eriksson","ZFES7P8AT"
"IT90991704857144477172","Chiamaka Nwosu","LYRSOAVA6"
"ES08721648936864478799","Dae-Jung Kim","YURNZP1OQ"
"NL06652220719899371426","Eleni Papadopoulos","EDCJ9ZQNK"
"IT47375090703810513522","Faridah Suleiman","QMQU4HKSH"
"AT86154022854686218094","Gustavo Pérez","EXPFSLTJ6"
"ES94108676030377355321","Helena Duarte","5OX05ZHI6"
"IT37820900085041098505","Ibrahim Musa","9IZKM5VGY"
"GR70224424190709640885","Jaya Krishnan","2691456H9"
"FR03527284966215971429","Kofi Mensah","0MB0ORR5S"
"AT38659425960737644514","Linh Tran","P3SUYQO89"
"BE15667902585136413642","Manuel Silva","TGU8TL777"
"NL14873510859338546834","Nicolás Rojas","CX1AVJVWS"
"AT58340201117160580259","Oluwaseyi Adebayo","OXM9F4OHE"
"PT01074198796428429720","Patrícia Gomes","3R2DXJOXV"
"LU69275426232726896495","Qiao Chen","X5S2U4X7X"
"LU68829852064349921848","Rashid Al-Hussein","UXXK509Y5"
"DE37730901247042977564","Sinead O’Leary","6RF8LW7Y8"
"DE29015336662369022095","Thandiwe Mbele","1YY31W3LC"
"FR12309138814698365455","Uliana Kozlova","YMMCWPBV6"
"FR53069337240711841439","Vera Santos","FDLR8Z101"
"NL81455574159426408959","Waleed Azizi","PRCMZZ3T7"
"ES97428992785593396603","Xenia Petrova","3ON4FG0DJ"
"AT33316135761082246278","Yosuke Tanaka","Y4XVRYDAF"
"GR16419989211460052615","Zanele Dlamini","IUCLHQ2EA"
"ES56442878080208116755","Amara Diallo","TBH7W5GLO"
"LU06007726436572450886","Bharat Chavan","QC5LIKCTF"
"DE05532051786576282560","Cecília Duarte","7RINA0VLR"
"AT10306004012580656120","Devonte Johnson","N15VCJXN7"
"LU61338644246175414541","Emre Yılmaz","O37PHANHD"
"PT85780726796937814709","Florence Ncube","D2ODKWDGS"
"FR69729202355599257205","Giulia Bianchi","RVXOI41UG"
"ES77916403209076504114","Hannelore Schmidt","SATQV9OB3"
"BE65785258546391415434","Ilham Abdelrahman","SDWX96ACH"
"BE42920593387715629508","Jonas Christensen","H4ZX5BT8Z"
"FR76009376129198248357","Kanya Phan","BY4IYV0N1"
"PT26982557142761978180","Lucía Fernández","V0L5C098J"
"AT88917118152530272232","Mustafa Demir","BI62VS01W"
"GR46375127576114716704","Nahla Hassan","C5HWGPBYE"
"IT79711118265778062743","Oscar Nkosi","A6D2KG1T4"
"ES66128706438065694265","Pablo Andrade","DRGTZ6QL3"
"ES33060918680633275161","Qamar Zaman","RZPX9V1UI"
"PT35008716877326104172","Rina Gupta","G3YTIIHN7"
"PT39204881253613023853","Sara-Mae Cruz","94W739V57"
"DE24984330840485077315","Temitope Balogun","Q790VON8P"
"GR55441780885024007729","Uche Eze","Z8DO3P0AM"
"PT74004257122966450993","Valeriy Ivanov","6X2OZ2IMB"
"NL97447588198396237477","Winston Chege","5K9CO1SKI"
"LU88615270781533962765","Xiao Mei","N66RMNR6N"
"LU19723262557725612444","Yvette Mbatha","46QHEQKMQ"
"LU14123565958447986669","Akira Suzuki","4ZEMG0255"
"IT44522194405320776260","Belén García","BZUJBOO0F"
"NL73593633126940697804","Chandra Patel","4UCCIL9X3"
"FR06557890185749407440","Darius Schmidt","XXSYKQVOX"
"LU51677336356212275142","Elif Yılmaz","AKRITGFJM"
"IT85333825047322311620","Fábio Oliveira","65FZ2RIMC"
"LU49840023511519975026","Giovanna Rossi","STWYRVMWW"
"GR57699953358833622853","Hans-Peter Meier","1UTZBBHT3"
"LU11683168572705915192","Imani Ndlovu","9KOHD5MHB"
"FR30030407868463734847","Jürgen Bauer","K9K20GVF7"
"GR21469980997936088876","Kumiko Tanaka","FJ2ETPSEY"
"AT36178531564777051769","Levente Nagy","WR1TQZFB8"
"AT92341859132170659671","Marisol Torres","WSANKB23J"
"LU78829399052057549209","Natasha Popova","L4PESRSS0"
"LU36968039419800071394","Oskar Johansson","VXQ51WHAL"
"NL85777595357287924558","Pelin Kaya","8OHCU0E0R"
"PT25585783618366681979","Quetzal Hernández","1DHIHPSMT"
"NL68444092829758412604","Rajesh Kumar","6YZVFSWJZ"
"NL06725691478676432470","Sofia Petrović","MXLEOTP7A"
"DE52780178075619157727","Tariq Osman","VROBW1PY8"
"PT92713083273839493283","Una McCarthy","V6B6RJ09W"
"ES40329825167834668309","Vladimir Kuznetsov","58804XXU4"
"AT48501129345234688807","Wenjing Li","UUDSQNCUY"
"NL03736425562735243750","Xochitl Morales","AL0J2H4I1"
"PT44345978268496212549","Yusuf Demir","XD8XQ41WJ"
"FR86641945413674058326","Zara Khan","F4T8MA102"
"BE45835641859611127764","Alessandro Rossi","KQJ39QZJ9"
"GR48822575952937041810","Bao Tran","MYXBD07Q2"
"NL54459363717576794429","Cristina Silva","2RI52ZVBC"
"ES15202887601693436489","Diego López","LZ0O158J8"
"IT78800478743830181948","Eileen O’Connor","QVJ2C55SP"
"GR18697126313957581363","Felix Müller","91QJWNNHN"
"BE29107589329196128615","Gao Wei","Q8PKD2KRC"
"LU61925139814590047944","Helena Novak","0APXP8IQF"
"GR34660494058302582281","Ivan Vasiliev","4X2JPKVCB"
"IT60727057402361940573","Jada Smith","UG9FO8QG8"
"IT02977317115907475186","Khalil Ahmed","H9T13G4WA"
"BE48303932630100809203","Laila Hassan","SWZUAH35Q"
"AT90400440502933928765","Marek Horák","HQUEU1OQY"
"DE02396757662077022777","Nadine Müller","Q696J5EAT"
"PT85797210303244759872","Orhan Demir","R3DB8UO5N"
"BE44571352396756265348","Petra Svobodová","NVV78ZOHE"
"LU74688843065843458890","Quinn O’Donnell","2BPIMEVGX"
"DE49612267016923788893","Ravi Singh","9JI7OMEMT"
"LU31313480392852492157","Serena Williams","22JN86TAI"
"AT49938489564360791204","Tatsuya Kimura","6D86U8781"
"ES54549527088571846334","Umut Yıldız","I1TSQACBS"
"NL30911770833235666084","Verónica Díaz","EQXADGYUJ"
"ES82705725910954962564","Wayne Carter","25M9FERJX"
"BE50603754996010115571","Xiaoyu Chen","IFU43U41V"
"PT19396331426421073938","Yolanda Ortiz","986K33UFE"
"GR09203597447674172618","Zoltán Kovács","4WQRV5ND6"
"NL25601908250225400026","Aaliyah Johnson","PMIOKGN2Y"
"ES12104507728996129148","Boris Petrakov","O6J8LU25W"
"PT29723574315277766944","Chiara Esposito","79IV2F1FK"
"IT40715576484863448736","Dieudonné Mbala","B7GIORFZC"
"LU43892196403275193552","Eira Lehtonen","QI2S6I7IM"
"IT09411242651812330021","Farouk Abdelaziz","DBZNMTR28"
"NL66216623306330358970","Gwenyth Evans","DI99MAZIY"
"GR99968168341942961228","Hao Zhang","P0E4Y5X6Z"
"IT30749320665365401290","Ibrahim Rahman","7B1BB61PD"
"DE75455050786325457708","Johanna Müller","MPV9WXN91"
"PT73104148791684643242","Kazuki Sato","028H1V8SV"
"GR36325482459354383414","Lina García","MBY23HK7D"
"DE96290038337244702364","Mikhail Orlov","VFONTYADJ"
"DE13830035097655284454","Nina Popescu","LDHH2KS1C"
"DE52366206719563271663","Owen O’Malley","S2FMQLOAE"
"DE18237489103502981880","Pavlo Ivanchenko","COBTEGURT"
"NL46531013358831172525","Qiuyue Wang","O0IQQKB74"
"FR90166897625002978578","Rachid Boulahrouz","32W04NXV5"
"AT45729200751886393071","Sinead Murphy","WQVALBNA0"
"DE89428420183924913957","Tariq Mahmood","QJI47JWU7"
"PT46267396084303248397","Ulrike Schneider","UM7OD4C9V"
"BE27120902254357685554","Valentino Bianchi","6I3AB62AC"
"AT97245312905184578920","Wang Lei","7JK83MVQI"
"IT65679931517022209067","Xiao Yu","VNOMZZ8WX"
"AT29253492479175358926","Yvette Dupont","5XNQDZ98J"
"IT78464003642361733385","Zackary Holmes","G51OO3TVA"
"NL66348272169793793186","Ana-Maria Ionescu","LWG9AY22D"
"DE03005122765102075618","Bruno Silva","XNUBY8634"
"AT16206548992989970197","Camille Laurent","TEFO1S93E"
"LU06920121664196084022","Dariusz Kowalski","UCUIGM2T5"
"LU89182566389394235729","Elena Rossi","W10PE8EL8"
"IT02653403756679614461","Fabian Keller","MDFZJOIGO"
"LU30132506365477971898","Gozalbek Islomov","LMUXFZJDC"
"IT99425139441357127539","Hala El-Hadad","B8ZUFJWFQ"
"ES70475062439510104025","Ionut Stanescu","JYPZRZ1HO"
"FR17336098013521416049","Juliana Duarte","EIB0TA6YY"
"NL14859719068724843573","Kwaku Boateng","I4JKJ7OPJ"
"AT06273036425465521086","Léa Dubois","8OUZDZHLF"
"BE36617505596629798391","Mateja Novak","M5HN1D613"
"BE54145542925909398575","Nadav Cohen","ETC543EV6"
"BE93627513754459067972","Oliver Schmidt","Z1Q8PJ1YD"
"LU05835497139112357091","Prisca N’dour","QYCYW5VZA"
"AT29777574881193307826","Quintus Vermeer","05Y5FNX74"
"PT36577946095644256778","Rajiv Nair","2LYXJ2J4B"
"LU58716922789139725926","Sara Lindholm","LWZUB3ZUP"
"PT84794495359230860468","Tejas Shah","4QN5Y4LAW"
"AT52511730945393772799","Ulla Lahti","YOHQLYLEW"
"ES26192404685733499101","Vuk Petrović","JH9J7MJQO"
"ES15959167040711895270","Wenxi Liu","NKUMY7NL7"
"GR31474445837214956280","Xander Montague","SY3ONX3F8"
"GR09104964464949031028","Yuki Tanaka","JWQV66N0T"
"IT67856871976182419005","Zoraida Castillo","5SXQKQBKU"
